"FullName","LastWriteTime"
"D:\BaoCaoTotNghiep_2026\CaPheMinhHuu\files_since_jan3.csv","1/17/2026 11:00:10 AM"
"D:\BaoCaoTotNghiep_2026\CaPheMinhHuu\CaPheMinhHuu\CaPheMinhHuu\Interfaces\IProductService.cs","1/11/2026 12:34:00 PM"
"D:\BaoCaoTotNghiep_2026\CaPheMinhHuu\CaPheMinhHuu\CaPheMinhHuu\Interfaces\ICategoryRepository.cs","1/11/2026 12:32:01 PM"
"D:\BaoCaoTotNghiep_2026\CaPheMinhHuu\CaPheMinhHuu\CaPheMinhHuu\obj\Debug\net8.0\CaPheMinhHuu.csproj.FileListAbsolute.txt","1/11/2026 12:30:43 PM"
"D:\BaoCaoTotNghiep_2026\CaPheMinhHuu\CaPheMinhHuu\CaPheMinhHuu\obj\Debug\net8.0\CaPheMinhHuu.MvcApplicationPartsAssemblyInfo.cs","1/11/2026 12:30:43 PM"
"D:\BaoCaoTotNghiep_2026\CaPheMinhHuu\CaPheMinhHuu\CaPheMinhHuu\obj\Debug\net8.0\CaPheMinhHuu.MvcApplicationPartsAssemblyInfo.cache","1/11/2026 12:30:43 PM"
"D:\BaoCaoTotNghiep_2026\CaPheMinhHuu\CaPheMinhHuu\CaPheMinhHuu\obj\Debug\net8.0\CaPheMinhHuu.csproj.CoreCompileInputs.cache","1/11/2026 12:30:42 PM"
"D:\BaoCaoTotNghiep_2026\CaPheMinhHuu\CaPheMinhHuu\CaPheMinhHuu\obj\Debug\net8.0\CaPheMinhHuu.AssemblyInfo.cs","1/11/2026 12:30:42 PM"
"D:\BaoCaoTotNghiep_2026\CaPheMinhHuu\CaPheMinhHuu\CaPheMinhHuu\obj\Debug\net8.0\CaPheMinhHuu.AssemblyInfoInputs.cache","1/11/2026 12:30:42 PM"
"D:\BaoCaoTotNghiep_2026\CaPheMinhHuu\CaPheMinhHuu\CaPheMinhHuu\obj\Debug\net8.0\CaPheMinhHuu.GeneratedMSBuildEditorConfig.editorconfig","1/11/2026 12:30:42 PM"
"D:\BaoCaoTotNghiep_2026\CaPheMinhHuu\CaPheMinhHuu\CaPheMinhHuu\obj\Debug\net8.0\rpswa.dswa.cache.json","1/11/2026 12:30:42 PM"
"D:\BaoCaoTotNghiep_2026\CaPheMinhHuu\CaPheMinhHuu\CaPheMinhHuu\obj\Debug\net8.0\CaPheMinhHuu.csproj.AssemblyReference.cache","1/11/2026 12:30:42 PM"
"D:\BaoCaoTotNghiep_2026\CaPheMinhHuu\CaPheMinhHuu\CaPheMinhHuu\obj\project.nuget.cache","1/11/2026 12:30:42 PM"
"D:\BaoCaoTotNghiep_2026\CaPheMinhHuu\CaPheMinhHuu\CaPheMinhHuu\obj\Debug\net8.0\CaPheMinhHuu.assets.cache","1/11/2026 12:28:16 PM"
"D:\BaoCaoTotNghiep_2026\CaPheMinhHuu\CaPheMinhHuu\CaPheMinhHuu\obj\CaPheMinhHuu.csproj.nuget.dgspec.json","1/11/2026 12:28:16 PM"
"D:\BaoCaoTotNghiep_2026\CaPheMinhHuu\CaPheMinhHuu\CaPheMinhHuu\Interfaces\ICategoryService.cs","1/11/2026 12:26:39 PM"
"D:\BaoCaoTotNghiep_2026\CaPheMinhHuu\CaPheMinhHuu\CaPheMinhHuu\DTOs\Product\ProductUpdateDto.cs","1/11/2026 12:25:54 PM"
"D:\BaoCaoTotNghiep_2026\CaPheMinhHuu\CaPheMinhHuu\CaPheMinhHuu\Services\Implements\CategoryService.cs","1/11/2026 12:23:49 PM"
"D:\BaoCaoTotNghiep_2026\CaPheMinhHuu\CaPheMinhHuu\CaPheMinhHuu\Controllers\CategoryController.cs","1/11/2026 12:18:37 PM"
"D:\BaoCaoTotNghiep_2026\CaPheMinhHuu\CaPheMinhHuu\CaPheMinhHuu\DTOs\Category\CategoryUpdateDto.cs","1/11/2026 12:17:58 PM"
"D:\BaoCaoTotNghiep_2026\CaPheMinhHuu\CaPheMinhHuu\CaPheMinhHuu\Program.cs","1/11/2026 12:10:45 PM"
"D:\BaoCaoTotNghiep_2026\CaPheMinhHuu\CaPheMinhHuu\CaPheMinhHuu\Controllers\TableController.cs","1/8/2026 4:39:25 PM"
"D:\BaoCaoTotNghiep_2026\CaPheMinhHuu\CaPheMinhHuu\CaPheMinhHuu\Services\Implements\TableService.cs","1/8/2026 4:39:17 PM"
"D:\BaoCaoTotNghiep_2026\CaPheMinhHuu\CaPheMinhHuu\CaPheMinhHuu\DTOs\Table\UpdateTableDto.cs","1/8/2026 4:39:11 PM"
"D:\BaoCaoTotNghiep_2026\CaPheMinhHuu\CaPheMinhHuu\CaPheMinhHuu\DTOs\Table\CreateTableDto.cs","1/8/2026 4:39:05 PM"
"D:\BaoCaoTotNghiep_2026\CaPheMinhHuu\CaPheMinhHuu\CaPheMinhHuu\Interfaces\ITableService.cs","1/8/2026 4:19:10 PM"
"D:\BaoCaoTotNghiep_2026\CaPheMinhHuu\CaPheMinhHuu\CaPheMinhHuu\Interfaces\ITableRepository.cs","1/8/2026 3:03:55 PM"
"D:\BaoCaoTotNghiep_2026\CaPheMinhHuu\CaPheMinhHuu\CaPheMinhHuu\Repositories\Implements\TableRepository.cs","1/8/2026 3:03:18 PM"
"D:\BaoCaoTotNghiep_2026\CaPheMinhHuu\CaPheMinhHuu\CaPheMinhHuu\obj\Debug\net8.0\apphost.exe","1/8/2026 2:46:35 PM"
"D:\BaoCaoTotNghiep_2026\CaPheMinhHuu\CaPheMinhHuu\CaPheMinhHuu\Migrations\20260108074623_AddAreaToTable.cs","1/8/2026 2:46:23 PM"
"D:\BaoCaoTotNghiep_2026\CaPheMinhHuu\CaPheMinhHuu\CaPheMinhHuu\Migrations\ApplicationDbContextModelSnapshot.cs","1/8/2026 2:46:23 PM"
"D:\BaoCaoTotNghiep_2026\CaPheMinhHuu\CaPheMinhHuu\CaPheMinhHuu\Migrations\20260108074623_AddAreaToTable.Designer.cs","1/8/2026 2:46:23 PM"
"D:\BaoCaoTotNghiep_2026\CaPheMinhHuu\CaPheMinhHuu\CaPheMinhHuu\Models\Table.cs","1/8/2026 2:46:14 PM"
"D:\BaoCaoTotNghiep_2026\CaPheMinhHuu\CaPheMinhHuu\CaPheMinhHuu\Data\ApplicationDbContext.cs","1/8/2026 2:44:48 PM"
"D:\BaoCaoTotNghiep_2026\CaPheMinhHuu\CaPheMinhHuu\CaPheMinhHuu\Models\Area.cs","1/8/2026 2:43:39 PM"
"D:\BaoCaoTotNghiep_2026\CaPheMinhHuu\capheminhhuu.ui\src\pages\cashier\ShiftReport.jsx","1/8/2026 1:53:39 PM"
"D:\BaoCaoTotNghiep_2026\CaPheMinhHuu\capheminhhuu.ui\src\pages\cashier\OrderDetail.jsx","1/8/2026 1:53:31 PM"
"D:\BaoCaoTotNghiep_2026\CaPheMinhHuu\capheminhhuu.ui\src\pages\cashier\OrderList.jsx","1/8/2026 1:53:23 PM"
"D:\BaoCaoTotNghiep_2026\CaPheMinhHuu\capheminhhuu.ui\src\pages\cashier\TableManagement.jsx","1/8/2026 1:53:15 PM"
"D:\BaoCaoTotNghiep_2026\CaPheMinhHuu\capheminhhuu.ui\src\pages\cashier\ShiftClose.jsx","1/8/2026 1:53:04 PM"
"D:\BaoCaoTotNghiep_2026\CaPheMinhHuu\capheminhhuu.ui\src\pages\cashier\ShiftOpen.jsx","1/8/2026 1:52:53 PM"
"D:\BaoCaoTotNghiep_2026\CaPheMinhHuu\capheminhhuu.ui\src\pages\cashier\CashierPOS.jsx","1/8/2026 1:52:44 PM"
"D:\BaoCaoTotNghiep_2026\CaPheMinhHuu\CaPheMinhHuu\CaPheMinhHuu\Migrations\20260108061543_AddShiftAndTableModels.Designer.cs","1/8/2026 1:15:43 PM"
"D:\BaoCaoTotNghiep_2026\CaPheMinhHuu\CaPheMinhHuu\CaPheMinhHuu\Migrations\20260108061543_AddShiftAndTableModels.cs","1/8/2026 1:15:43 PM"
"D:\BaoCaoTotNghiep_2026\CaPheMinhHuu\CaPheMinhHuu\CaPheMinhHuu\Migrations\20260108045206_AddGlobalQueryFilterForOrderAndUser.cs","1/8/2026 11:52:06 AM"
"D:\BaoCaoTotNghiep_2026\CaPheMinhHuu\CaPheMinhHuu\CaPheMinhHuu\Migrations\20260108045206_AddGlobalQueryFilterForOrderAndUser.Designer.cs","1/8/2026 11:52:06 AM"
"D:\BaoCaoTotNghiep_2026\CaPheMinhHuu\CaPheMinhHuu\CaPheMinhHuu\Migrations\20260108044825_RefactorUserToInheritBaseEntity.cs","1/8/2026 11:48:25 AM"
"D:\BaoCaoTotNghiep_2026\CaPheMinhHuu\CaPheMinhHuu\CaPheMinhHuu\Migrations\20260108044825_RefactorUserToInheritBaseEntity.Designer.cs","1/8/2026 11:48:25 AM"
"D:\BaoCaoTotNghiep_2026\CaPheMinhHuu\CaPheMinhHuu\CaPheMinhHuu\Models\User.cs","1/8/2026 11:48:07 AM"
"D:\BaoCaoTotNghiep_2026\CaPheMinhHuu\CaPheMinhHuu\CaPheMinhHuu\Migrations\20260108043828_RefactorOrderToInheritBaseEntity.Designer.cs","1/8/2026 11:38:28 AM"
"D:\BaoCaoTotNghiep_2026\CaPheMinhHuu\CaPheMinhHuu\CaPheMinhHuu\Migrations\20260108043828_RefactorOrderToInheritBaseEntity.cs","1/8/2026 11:38:28 AM"
"D:\BaoCaoTotNghiep_2026\CaPheMinhHuu\CaPheMinhHuu\CaPheMinhHuu\Models\Order.cs","1/8/2026 11:11:48 AM"
"D:\BaoCaoTotNghiep_2026\CaPheMinhHuu\CaPheMinhHuu\CaPheMinhHuu\Models\Shift.cs","1/8/2026 10:11:14 AM"
"D:\BaoCaoTotNghiep_2026\CaPheMinhHuu\capheminhhuu.ui\src\layouts\LayoutCustomer.jsx","1/8/2026 10:08:26 AM"
"D:\BaoCaoTotNghiep_2026\CaPheMinhHuu\capheminhhuu.ui\src\layouts\LayoutKitchen.jsx","1/8/2026 10:08:18 AM"
"D:\BaoCaoTotNghiep_2026\CaPheMinhHuu\capheminhhuu.ui\src\layouts\LayoutCashier.jsx","1/8/2026 10:08:07 AM"
"D:\BaoCaoTotNghiep_2026\CaPheMinhHuu\capheminhhuu.ui\src\components\cashier\CategoryTabs.jsx","1/8/2026 10:06:28 AM"
"D:\BaoCaoTotNghiep_2026\CaPheMinhHuu\capheminhhuu.ui\src\components\cashier\PaymentPanel.jsx","1/8/2026 10:06:21 AM"
"D:\BaoCaoTotNghiep_2026\CaPheMinhHuu\capheminhhuu.ui\src\components\cashier\CartPanel.jsx","1/8/2026 10:06:13 AM"
"D:\BaoCaoTotNghiep_2026\CaPheMinhHuu\capheminhhuu.ui\src\components\cashier\ProductGrid.jsx","1/8/2026 10:06:05 AM"
"D:\BaoCaoTotNghiep_2026\CaPheMinhHuu\capheminhhuu.ui\src\components\admin\ModalEditIngredient.jsx","1/8/2026 10:05:32 AM"
"D:\BaoCaoTotNghiep_2026\CaPheMinhHuu\capheminhhuu.ui\src\components\admin\ModalRecipe.jsx","1/8/2026 10:05:32 AM"
"D:\BaoCaoTotNghiep_2026\CaPheMinhHuu\capheminhhuu.ui\src\components\admin\ModalAddIngredient.jsx","1/8/2026 10:05:32 AM"
"D:\BaoCaoTotNghiep_2026\CaPheMinhHuu\capheminhhuu.ui\src\components\admin\ModalAddProduct.jsx","1/8/2026 10:05:32 AM"
"D:\BaoCaoTotNghiep_2026\CaPheMinhHuu\capheminhhuu.ui\src\components\admin\ModalAddIngredientCategory.jsx","1/8/2026 10:05:32 AM"
"D:\BaoCaoTotNghiep_2026\CaPheMinhHuu\capheminhhuu.ui\src\components\admin\ModalAddCategory.jsx","1/8/2026 10:05:32 AM"
"D:\BaoCaoTotNghiep_2026\CaPheMinhHuu\capheminhhuu.ui\src\App.jsx","1/8/2026 10:03:13 AM"
"D:\BaoCaoTotNghiep_2026\CaPheMinhHuu\capheminhhuu.ui\src\pages\admin\QuanLySanPham.jsx","1/8/2026 10:01:27 AM"
"D:\BaoCaoTotNghiep_2026\CaPheMinhHuu\capheminhhuu.ui\src\pages\admin\QuanLyKho.jsx","1/8/2026 10:01:27 AM"
"D:\BaoCaoTotNghiep_2026\CaPheMinhHuu\capheminhhuu.ui\src\pages\admin\QuanLyDanhMucNguyenLieu.jsx","1/8/2026 10:01:27 AM"
"D:\BaoCaoTotNghiep_2026\CaPheMinhHuu\capheminhhuu.ui\src\pages\admin\QuanLyDanhMuc.jsx","1/8/2026 10:01:27 AM"
"D:\BaoCaoTotNghiep_2026\CaPheMinhHuu\stitch_giao_di_n_b_n_h_ng_ch_nh\stitch_giao_di_n_b_n_h_ng_ch_nh\quản_lý_bàn_2\screen.png","1/8/2026 9:13:43 AM"
"D:\BaoCaoTotNghiep_2026\CaPheMinhHuu\stitch_giao_di_n_b_n_h_ng_ch_nh\stitch_giao_di_n_b_n_h_ng_ch_nh\quản_lý_bàn_2\code.html","1/8/2026 9:13:43 AM"
"D:\BaoCaoTotNghiep_2026\CaPheMinhHuu\stitch_giao_di_n_b_n_h_ng_ch_nh\stitch_giao_di_n_b_n_h_ng_ch_nh\chi_tiết_đơn_hàng\screen.png","1/8/2026 9:13:43 AM"
"D:\BaoCaoTotNghiep_2026\CaPheMinhHuu\stitch_giao_di_n_b_n_h_ng_ch_nh\stitch_giao_di_n_b_n_h_ng_ch_nh\chi_tiết_đơn_hàng\code.html","1/8/2026 9:13:43 AM"
"D:\BaoCaoTotNghiep_2026\CaPheMinhHuu\stitch_giao_di_n_b_n_h_ng_ch_nh\stitch_giao_di_n_b_n_h_ng_ch_nh\mở_ca_làm_việc\screen.png","1/8/2026 9:13:43 AM"
"D:\BaoCaoTotNghiep_2026\CaPheMinhHuu\stitch_giao_di_n_b_n_h_ng_ch_nh\stitch_giao_di_n_b_n_h_ng_ch_nh\mở_ca_làm_việc\code.html","1/8/2026 9:13:43 AM"
"D:\BaoCaoTotNghiep_2026\CaPheMinhHuu\stitch_giao_di_n_b_n_h_ng_ch_nh\stitch_giao_di_n_b_n_h_ng_ch_nh\giao_diện_bán_hàng_chính\screen.png","1/8/2026 9:13:43 AM"
"D:\BaoCaoTotNghiep_2026\CaPheMinhHuu\stitch_giao_di_n_b_n_h_ng_ch_nh\stitch_giao_di_n_b_n_h_ng_ch_nh\giao_diện_bán_hàng_chính\code.html","1/8/2026 9:13:43 AM"
"D:\BaoCaoTotNghiep_2026\CaPheMinhHuu\stitch_giao_di_n_b_n_h_ng_ch_nh\stitch_giao_di_n_b_n_h_ng_ch_nh\đóng_ca_làm_việc\screen.png","1/8/2026 9:13:43 AM"
"D:\BaoCaoTotNghiep_2026\CaPheMinhHuu\stitch_giao_di_n_b_n_h_ng_ch_nh\stitch_giao_di_n_b_n_h_ng_ch_nh\đóng_ca_làm_việc\code.html","1/8/2026 9:13:43 AM"
"D:\BaoCaoTotNghiep_2026\CaPheMinhHuu\stitch_giao_di_n_b_n_h_ng_ch_nh\stitch_giao_di_n_b_n_h_ng_ch_nh\danh_sách_đơn_hàng\screen.png","1/8/2026 9:13:43 AM"
"D:\BaoCaoTotNghiep_2026\CaPheMinhHuu\stitch_giao_di_n_b_n_h_ng_ch_nh\stitch_giao_di_n_b_n_h_ng_ch_nh\danh_sách_đơn_hàng\code.html","1/8/2026 9:13:43 AM"
"D:\BaoCaoTotNghiep_2026\CaPheMinhHuu\stitch_giao_di_n_b_n_h_ng_ch_nh\stitch_giao_di_n_b_n_h_ng_ch_nh\báo_cáo_ca_làm_việc\screen.png","1/8/2026 9:13:43 AM"
"D:\BaoCaoTotNghiep_2026\CaPheMinhHuu\stitch_giao_di_n_b_n_h_ng_ch_nh\stitch_giao_di_n_b_n_h_ng_ch_nh\báo_cáo_ca_làm_việc\code.html","1/8/2026 9:13:43 AM"
"D:\BaoCaoTotNghiep_2026\CaPheMinhHuu\stitch_giao_di_n_b_n_h_ng_ch_nh\stitch_giao_di_n_b_n_h_ng_ch_nh\quản_lý_bàn_1\screen.png","1/8/2026 9:13:43 AM"
"D:\BaoCaoTotNghiep_2026\CaPheMinhHuu\stitch_giao_di_n_b_n_h_ng_ch_nh\stitch_giao_di_n_b_n_h_ng_ch_nh\quản_lý_bàn_1\code.html","1/8/2026 9:13:43 AM"
"D:\BaoCaoTotNghiep_2026\CaPheMinhHuu\stitch_giao_di_n_b_n_h_ng_ch_nh.zip","1/8/2026 9:11:19 AM"
"D:\BaoCaoTotNghiep_2026\CaPheMinhHuu\BAO_CAO_TIEN_DO_VA_4_PHAN_KHU_HE_THONG.md","1/8/2026 8:45:32 AM"
